{
   "satisfaction": {
      "ES": 0.20858855618062594, 
      "RU": 0.06967333661375652, 
      "FR": 0.27111931432465775, 
      "NL": 0.24539237533526537, 
      "DK": 0.18060250544310175, 
      "NO": 0.3383797699357457, 
      "CA": 0.2766118554895969, 
      "DE": 0.25691156216612254, 
      "US": 0.1434249669000349, 
      "CZ": 0.38656845498503917, 
      "NZ": 0.558705365194922, 
      "AR": 0.12900766753328255, 
      "AU": 0.2507740804420916, 
      "GB": 0.25941613970664334, 
      "BR": 0.24808432009776218, 
      "EU": 0.24681655665456073, 
      "UA": 0.4846514797346799, 
      "MX": 0.4104746697945796, 
      "SE": 0.6044308597785297, 
      "AT": 1.0
   }, 
   "happiness": {
      "BE": 0.26988826505857627, 
      "FR": 0.23958397096050385, 
      "DE": 0.23351237198240543, 
      "HU": 0.209306338451869, 
      "CH": 0.46993635003654444, 
      "BR": 0.24056308745051677, 
      "FI": 0.08508128684014618, 
      "RU": 0.3334919207600398, 
      "NL": 0.2413085112063686, 
      "PT": 0.32414956146069085, 
      "NO": 0.2890555392697054, 
      "RO": 0.6442527088403751, 
      "PL": 0.29031198574136013, 
      "GT": 0.27948977827466126, 
      "CL": 0.5574916661080522, 
      "CA": 0.27521960808348, 
      "AU": 0.41252357635725795, 
      "GB": 0.264186115514062, 
      "ES": 0.21249747970167404, 
      "US": 0.136690054433617, 
      "UA": 1.0, 
      "MX": 0.4127681829998891, 
      "SE": 0.49959068351760877, 
      "AT": 0.9522233312604831
   }, 
   "shame": {
      "BD": 0.21870210538884147, 
      "RU": 0.3028492033024233, 
      "FR": 0.20199375639254055, 
      "NL": 0.4018152069570595, 
      "GR": 0.044478614141189476, 
      "NO": 0.19733552599275553, 
      "CA": 0.21173887899118268, 
      "DE": 0.22426396000992438, 
      "US": 0.13231316458431402, 
      "HU": 0.19178767088187987, 
      "NZ": 0.1233803502009096, 
      "AU": 0.2596419749359219, 
      "GB": 0.1956707564174045, 
      "BR": 0.22692226185775605, 
      "EU": 0.15443787490199318, 
      "UA": 1.0, 
      "ES": 0.20789022265454232
   }, 
   "surprise": {
      "FR": 0.3106540646307903, 
      "DK": 0.17282229435017132, 
      "DE": 0.3661865668341548, 
      "HU": 0.147117961899756, 
      "BR": 0.31334733507494067, 
      "FI": 0.53750571023589, 
      "NL": 0.33608722262135254, 
      "NO": 0.3228970083067027, 
      "PL": 0.4578075515255826, 
      "CH": 0.02801936091734772, 
      "CL": 0.3409799421657776, 
      "CA": 0.3533368762099196, 
      "IT": 1.0, 
      "AU": 0.30880545020752487, 
      "GB": 0.33436398783761145, 
      "EU": 0.8261955585814125, 
      "IE": 0.09792799493568455, 
      "ES": 0.31403447560428627, 
      "US": 0.18274972064283998, 
      "UA": 0.9053475374713672, 
      "MX": 0.08237668751968501, 
      "SE": 0.32802262187315157, 
      "AT": 0.7389511935824173
   }, 
   "excitement": {
      "ES": 0.25258986024732766, 
      "RU": 0.4764526535344054, 
      "FR": 0.24428254713701128, 
      "CH": 0.6934636763779668, 
      "NL": 0.3040943324038241, 
      "BR": 0.22690703112480243, 
      "CL": 1.0, 
      "CA": 0.22849215571595402, 
      "NO": 0.27872512267112776, 
      "DE": 0.25144443763244567, 
      "IT": 0.05662944929301665, 
      "US": 0.12158089683471629, 
      "AU": 0.37872875262649447, 
      "GB": 0.23510654408995182, 
      "SE": 0.28792767158399046, 
      "AT": 0.06712428821769784, 
      "MY": 0.10317226302366364, 
      "MX": 0.3657362746738278, 
      "PL": 0.07999368197281956, 
      "DK": 0.2881039751659049
   }, 
   "embarrassment": {
      "FR": 0.24395292166058388, 
      "HR": 0.04364383814877978, 
      "DE": 0.25556622698628695, 
      "HU": 0.15273101302688194, 
      "BR": 0.22287001652876284, 
      "RU": 0.35134160143363224, 
      "NL": 0.236464952705546, 
      "PT": 0.7642157356200027, 
      "NO": 0.24618164551772617, 
      "PH": 0.35716743658411493, 
      "RO": 0.3258480993344907, 
      "PL": 0.2701458592129458, 
      "CA": 0.23054798778379054, 
      "IT": 0.23625486899679216, 
      "CZ": 0.4037003880336907, 
      "AU": 0.28460103853254337, 
      "GB": 0.21745010355939473, 
      "IN": 0.12145425181085294, 
      "ES": 0.2395396409215668, 
      "US": 0.12443794325163182, 
      "KR": 1.0, 
      "MX": 0.40474053775900637, 
      "SE": 0.1637333495100649
   }, 
   "sadness": {
      "BE": 0.40217940394813817, 
      "FR": 0.3005717678232533, 
      "DE": 0.3403934076276973, 
      "HU": 0.23732856984308204, 
      "BR": 0.32923054444458116, 
      "FI": 0.24083534539358573, 
      "RU": 0.3146652001793982, 
      "NL": 0.21097920341047008, 
      "PT": 0.23365410616715354, 
      "NO": 0.3979084067422274, 
      "LV": 0.6799002854091126, 
      "PH": 0.08852786370914964, 
      "PL": 0.8897577936772081, 
      "GT": 1.0, 
      "CL": 0.35218888198718484, 
      "CA": 0.3024855625064914, 
      "IT": 0.4156100253150002, 
      "AU": 0.34364173554437355, 
      "GB": 0.3283339396212732, 
      "ES": 0.31680440931379006, 
      "US": 0.16576526703428535, 
      "UA": 0.6772847792477816, 
      "MX": 0.7055952355180308, 
      "SE": 0.16730035708158966
   }, 
   "contentment": {
      "FR": 0.4203476128847611, 
      "DE": 0.46774985375330075, 
      "NL": 0.31139172302948115, 
      "DK": 0.27893031141367924, 
      "HK": 0.5319274312556471, 
      "CA": 0.4019100610821617, 
      "NO": 0.5251511739308898, 
      "IT": 0.23436713851368934, 
      "US": 0.2181807552439864, 
      "A1": 0.10063497746177624, 
      "CZ": 1.0, 
      "AU": 0.8095836081529906, 
      "GB": 0.430596946253325, 
      "BR": 0.4977904503171662, 
      "PH": 0.3577591123719743, 
      "MX": 0.18572553972178135, 
      "ES": 0.5522816262243017, 
      "KR": 0.6854494824065491
   }, 
   "amusement": {
      "ES": 0.4214747431894955, 
      "RU": 0.37893548538993205, 
      "FR": 0.42275311393366294, 
      "MA": 0.5924359200228351, 
      "CN": 0.30311871128870227, 
      "NO": 0.5011418594427133, 
      "CA": 0.3991913711393553, 
      "DE": 0.4163382171979962, 
      "IT": 0.6073642390299053, 
      "US": 0.22924356224907422, 
      "AU": 0.6921007769234351, 
      "GB": 0.4098414311855536, 
      "BR": 0.4629417800583849, 
      "NL": 0.3211507204114568, 
      "AT": 0.24205944397048432, 
      "UA": 0.13401499020873384, 
      "MX": 0.10693548258160457, 
      "SE": 0.41980422472690204, 
      "DK": 1.0
   }, 
   "disgust": {
      "ES": 0.3326346533295958, 
      "RU": 0.10893533478620666, 
      "FR": 0.2824307953953522, 
      "DE": 0.29306677049463326, 
      "NL": 0.15169494377829124, 
      "CN": 0.562801804167696, 
      "PT": 0.11849617874622302, 
      "CL": 0.17240279164082453, 
      "UA": 0.4909740166436144, 
      "CA": 0.26693137953340457, 
      "NO": 0.41424743514425383, 
      "IT": 0.11341942825949212, 
      "US": 0.16701836713734158, 
      "AU": 0.11404405196868299, 
      "GB": 0.29852066479927597, 
      "BR": 0.2564632177681853, 
      "AT": 1.0, 
      "IE": 0.34621831433391165, 
      "MX": 0.39274916276515653, 
      "PL": 0.3139160808419445, 
      "DK": 0.20816217493775824
   }, 
   "pleasure": {
      "ES": 0.2597805030605366, 
      "BE": 0.2729701964967103, 
      "FR": 0.2696948335763724, 
      "DE": 0.2775799972423307, 
      "NL": 0.5491475499342117, 
      "RU": 0.3001587448990107, 
      "CA": 0.27227065411098483, 
      "NO": 0.3309655996582646, 
      "US": 0.1578127461974695, 
      "TN": 0.4947773875479536, 
      "KR": 0.8464195005907783, 
      "SI": 0.4313953412720338, 
      "AU": 0.28851570831692824, 
      "GB": 0.2821130548262244, 
      "BR": 0.2850197038971272, 
      "UA": 1.0, 
      "MX": 0.32912522340229605, 
      "SE": 0.16602111136826553
   }, 
   "anger": {
      "BE": 0.11207482877296458, 
      "FR": 0.1542500701855083, 
      "DE": 0.17680881489936945, 
      "HU": 0.21013774891284295, 
      "BR": 0.15606357980865526, 
      "RU": 0.20136184678651523, 
      "NL": 0.16766595275437385, 
      "NO": 0.18516609527908529,